Engine_Temperature,Battery_Voltage,RPM,Fuel_Efficiency,Status
72.3,13.43,1262,23.8,Healthy
77.4,13.42,1317,24.5,Healthy
77.2,13.44,1241,24.5,Healthy
73.5,13.42,1284,23.7,Healthy
75.7,13.43,1239,24.8,Healthy
77.6,13.43,1173,25.8,Healthy
72.3,13.56,1348,24.2,Healthy
77.2,13.53,1260,25.8,Healthy
73.4,13.51,1336,25.8,Healthy
74.1,13.47,1436,24.9,Healthy
76.4,13.51,1399,26.1,Healthy
75.2,13.51,1285,23.5,Healthy
76.8,13.43,1467,26.1,Healthy
76.3,13.43,1277,24.5,Healthy
72.8,13.47,1374,24.4,Healthy
73.5,13.41,1400,23.4,Healthy
74.5,13.43,1364,25.5,Healthy
77.9,13.5,1551,26.2,Healthy
76.2,13.43,1352,23.9,Healthy
78.4,13.46,1462,23.4,Healthy
73.3,13.42,1267,24.4,Healthy
74.2,13.46,1336,23.6,Healthy
72.9,13.44,1207,24.6,Healthy
72.6,13.47,1204,25.4,Healthy
75.0,13.54,1283,24.7,Healthy
77.1,13.44,1320,25.2,Healthy
78.5,13.52,1352,25.4,Healthy
76.7,13.44,1281,23.5,Healthy
78.0,13.39,1398,24.8,Healthy
73.6,13.48,1560,25.5,Healthy
75.1,13.4,1587,24.8,Healthy
76.6,13.5,1355,23.4,Healthy
73.6,13.48,1343,25.8,Healthy
77.3,13.53,1474,24.1,Healthy
77.6,13.37,1419,25.8,Healthy
76.0,13.39,1413,24.8,Healthy
75.1,13.51,1353,24.0,Healthy
76.0,13.4,1349,24.3,Healthy
78.6,13.38,1302,23.7,Healthy
78.9,13.5,1304,24.8,Healthy
73.5,13.41,1366,24.7,Healthy
78.6,13.49,1446,25.4,Healthy
76.0,13.47,1547,23.9,Healthy
78.1,13.45,1434,24.3,Healthy
74.4,13.43,1293,25.0,Healthy
78.5,13.48,1489,24.5,Healthy
77.3,13.37,1270,25.6,Healthy
75.3,13.46,1421,24.1,Healthy
77.8,13.4,1557,25.5,Healthy
74.3,13.5,1284,24.3,Healthy
76.3,13.48,1332,24.7,Healthy
75.5,13.49,1314,23.8,Healthy
78.2,13.39,1646,23.1,Healthy
75.7,13.36,1501,25.9,Healthy
75.3,13.44,1381,24.3,Healthy
76.8,13.38,1555,24.5,Healthy
78.8,13.38,1664,23.5,Healthy
73.5,13.44,1578,24.4,Healthy
73.7,13.49,1345,25.5,Healthy
78.8,13.37,1637,24.3,Healthy
78.9,13.47,1604,23.8,Healthy
77.0,13.49,1426,24.0,Healthy
77.7,13.34,1402,23.4,Healthy
76.1,13.39,1547,24.4,Healthy
74.6,13.33,1518,25.2,Healthy
79.2,13.46,1432,25.4,Healthy
76.5,13.37,1351,24.2,Healthy
76.9,13.36,1395,25.7,Healthy
74.1,13.47,1483,25.2,Healthy
74.4,13.41,1629,24.1,Healthy
75.9,13.39,1405,23.4,Healthy
75.2,13.32,1694,23.0,Healthy
79.4,13.31,1596,24.4,Healthy
74.1,13.46,1629,25.4,Healthy
76.5,13.36,1414,23.1,Healthy
77.9,13.44,1428,22.8,Healthy
76.1,13.33,1437,23.4,Healthy
77.9,13.37,1574,23.9,Healthy
79.9,13.38,1370,23.1,Healthy
78.4,13.45,1407,24.1,Healthy
79.2,13.39,1367,24.3,Healthy
75.8,13.33,1738,23.0,Healthy
79.0,13.42,1603,23.7,Healthy
74.6,13.4,1753,23.2,Healthy
74.9,13.37,1713,22.7,Healthy
78.9,13.31,1389,23.1,Healthy
76.9,13.44,1644,22.8,Healthy
75.1,13.36,1419,24.6,Healthy
76.4,13.44,1714,25.1,Healthy
75.6,13.36,1658,22.9,Healthy
74.3,13.34,1552,25.0,Healthy
79.2,13.29,1421,25.4,Healthy
76.0,13.3,1716,24.9,Healthy
78.0,13.4,1746,25.1,Healthy
75.9,13.35,1799,23.7,Healthy
78.1,13.41,1759,24.4,Healthy
76.5,13.39,1413,23.6,Healthy
79.0,13.38,1447,24.7,Healthy
78.1,13.34,1460,24.3,Healthy
78.9,13.3,1675,22.7,Healthy
75.7,13.33,1736,23.3,Healthy
79.9,13.43,1493,22.6,Healthy
78.9,13.39,1792,24.5,Healthy
79.3,13.32,1475,25.5,Healthy
78.2,13.31,1795,22.7,Healthy
75.0,13.3,1493,23.7,Healthy
78.4,13.34,1666,22.8,Healthy
77.9,13.42,1579,24.8,Healthy
78.5,13.38,1714,23.7,Healthy
76.1,13.27,1499,22.7,Healthy
79.4,13.39,1784,25.1,Healthy
76.9,13.36,1789,22.8,Healthy
74.8,13.29,1830,24.8,Healthy
75.6,13.39,1537,23.2,Healthy
75.9,13.39,1801,22.6,Healthy
75.0,13.37,1631,24.1,Healthy
78.7,13.33,1552,23.3,Healthy
78.5,13.37,1615,22.4,Healthy
75.8,13.29,1868,23.6,Healthy
78.0,13.31,1833,24.7,Healthy
75.9,13.35,1710,25.0,Healthy
75.4,13.33,1569,24.0,Healthy
80.0,13.31,1710,23.4,Healthy
80.7,13.37,1535,22.4,Healthy
78.3,13.28,1515,24.3,Healthy
76.1,13.34,1545,24.4,Healthy
80.2,13.36,1862,24.1,Healthy
77.2,13.26,1776,25.2,Healthy
79.2,13.24,1533,22.7,Healthy
80.0,13.25,1801,24.0,Healthy
77.4,13.29,1627,23.4,Healthy
76.4,13.31,1790,23.8,Healthy
81.2,13.37,1885,24.0,Healthy
76.2,13.34,1909,24.0,Healthy
78.1,13.32,1786,24.6,Healthy
78.3,13.28,1862,23.5,Healthy
79.3,13.26,1757,23.8,Healthy
78.9,13.34,1680,22.6,Healthy
77.7,13.31,1745,23.2,Healthy
78.0,13.24,1593,24.1,Healthy
75.9,13.3,1945,23.6,Healthy
79.8,13.33,1753,23.7,Healthy
76.9,13.31,1771,23.1,Healthy
81.2,13.31,1731,24.8,Healthy
80.2,13.36,1703,23.5,Healthy
77.0,13.32,1907,24.1,Healthy
79.9,13.22,1948,22.5,Healthy
80.5,13.23,1852,24.3,Healthy
76.8,13.29,1680,24.9,Healthy
76.8,13.35,1784,22.0,Healthy
76.7,13.25,1858,23.9,Healthy
77.1,13.26,1930,23.4,Healthy
77.7,13.29,1940,24.1,Healthy
81.7,13.26,1603,22.1,Healthy
81.7,13.25,1912,24.9,Healthy
79.2,13.3,1828,24.1,Healthy
80.8,13.3,1873,22.0,Healthy
76.7,13.26,1936,24.4,Healthy
78.5,13.32,1753,23.9,Healthy
76.7,13.33,1759,22.8,Healthy
76.4,13.21,1639,23.6,Healthy
81.9,13.18,1817,23.2,Healthy
80.3,13.19,1702,22.9,Healthy
78.1,13.24,1825,23.1,Healthy
78.3,13.32,1674,22.6,Healthy
80.3,13.23,1712,24.4,Healthy
78.7,13.27,2008,24.6,Healthy
78.8,13.24,1659,22.0,Healthy
81.8,13.32,1803,24.3,Healthy
80.6,13.23,1674,23.6,Healthy
77.0,13.24,1852,21.9,Healthy
77.5,13.21,1937,22.2,Healthy
79.9,13.22,1873,24.4,Healthy
80.0,13.29,1745,22.5,Healthy
79.2,13.19,1790,24.1,Healthy
77.6,13.23,1801,23.6,Healthy
79.2,13.3,1846,24.5,Healthy
76.9,13.22,1861,22.0,Healthy
81.7,13.29,1831,23.4,Healthy
79.7,13.19,1704,23.8,Healthy
81.2,13.22,1929,23.5,Healthy
81.2,13.18,1896,24.4,Healthy
79.1,13.26,1724,22.8,Healthy
77.0,13.22,1948,22.1,Healthy
77.6,13.26,1749,24.6,Healthy
81.4,13.21,1765,22.5,Healthy
78.0,13.27,1823,23.4,Healthy
77.0,13.28,2079,23.9,Healthy
80.4,13.14,1774,22.6,Healthy
80.7,13.16,1730,22.3,Healthy
78.8,13.15,2082,22.9,Healthy
77.3,13.22,1741,23.6,Healthy
80.7,13.2,1786,23.6,Healthy
77.9,13.25,1960,23.8,Healthy
82.6,13.23,1855,22.9,Healthy
80.5,13.27,1791,22.2,Healthy
81.4,13.25,1939,24.5,Healthy
80.5,13.28,1819,23.1,Healthy
78.3,13.27,1791,22.4,Healthy
78.0,13.12,2034,23.4,Healthy
81.0,13.16,2005,22.2,Healthy
80.7,13.27,2151,21.7,Healthy
78.7,13.21,1863,24.4,Healthy
80.8,13.27,1763,23.6,Healthy
77.6,13.2,2154,21.7,Healthy
79.9,13.19,1941,22.4,Healthy
81.7,13.21,1826,22.4,Healthy
79.8,13.23,1960,22.3,Healthy
81.4,13.18,1916,24.0,Healthy
78.6,13.16,2149,22.2,Healthy
80.7,13.12,1786,23.5,Healthy
79.5,13.18,1941,21.9,Healthy
78.4,13.21,1872,22.7,Healthy
78.2,13.22,2011,23.6,Healthy
79.9,13.16,1899,23.1,Healthy
82.4,13.25,1957,23.5,Healthy
81.5,13.1,2170,24.3,Healthy
78.8,13.19,1867,23.1,Healthy
80.1,13.21,1936,23.5,Healthy
81.4,13.15,2205,21.5,Healthy
77.6,13.11,1923,22.8,Healthy
81.5,13.19,1882,22.9,Healthy
78.6,13.13,1982,22.7,Healthy
79.9,13.15,2214,23.4,Healthy
79.6,13.11,1921,23.6,Healthy
83.6,13.13,1868,22.3,Healthy
83.4,13.13,2141,22.9,Healthy
80.6,13.09,1933,22.6,Healthy
80.3,13.09,2039,23.9,Healthy
81.5,13.18,2158,24.1,Healthy
78.5,13.11,1855,24.1,Healthy
78.2,13.16,2043,23.1,Healthy
79.5,13.22,1984,22.4,Healthy
81.6,13.1,2106,23.6,Healthy
78.1,13.18,2213,23.0,Healthy
79.7,13.21,1978,22.8,Healthy
80.2,13.09,1928,24.0,Healthy
81.7,13.22,1913,22.4,Healthy
78.3,13.18,2021,23.4,Healthy
81.4,13.17,2033,23.3,Healthy
82.5,13.16,1948,21.7,Healthy
82.6,13.2,2004,22.3,Healthy
80.7,13.16,1967,22.1,Healthy
83.6,13.15,2196,21.8,Healthy
81.9,13.11,2127,21.5,Healthy
81.1,13.06,1949,23.0,Healthy
82.6,13.16,2057,22.5,Healthy
79.4,13.1,1986,21.7,Healthy
83.4,13.07,2005,21.4,Healthy
81.7,13.11,2209,23.8,Healthy
78.6,13.2,2149,23.1,Healthy
83.7,13.2,2183,21.7,Healthy
83.5,13.1,2000,22.2,Healthy
81.7,13.19,2137,21.9,Healthy
83.0,13.2,2203,23.5,Healthy
80.9,13.09,2072,23.1,Healthy
81.9,13.04,2235,22.9,Healthy
83.1,13.19,2221,21.0,Healthy
78.6,13.18,1961,21.1,Healthy
82.8,13.05,2076,21.5,Healthy
80.0,13.06,2043,21.0,Healthy
78.9,13.06,2080,21.3,Healthy
79.5,13.18,2248,22.6,Healthy
82.6,13.06,2124,22.3,Healthy
82.6,13.08,2306,23.5,Healthy
79.5,13.09,2175,23.3,Healthy
79.5,13.06,2030,23.5,Healthy
80.3,13.12,2006,21.5,Healthy
82.8,13.08,2116,23.5,Healthy
80.2,13.16,1980,21.0,Healthy
83.2,13.06,2286,22.9,Healthy
82.7,13.1,2079,23.3,Healthy
84.3,13.15,2068,22.1,Healthy
79.1,13.14,2009,21.1,Healthy
84.3,13.07,2200,22.9,Healthy
83.2,13.01,2213,22.7,Healthy
84.7,13.12,2058,23.6,Healthy
84.1,13.1,2249,22.5,Healthy
83.1,13.14,2029,23.5,Healthy
81.7,13.14,2116,22.2,Healthy
80.6,13.11,2330,22.1,Healthy
79.8,13.07,2068,23.7,Healthy
82.8,13.08,2254,21.6,Healthy
83.5,13.14,2373,22.6,Healthy
84.3,13.09,2138,21.3,Healthy
80.5,13.1,2152,20.9,Healthy
84.4,13.03,2188,22.7,Healthy
81.0,13.08,2398,22.7,Healthy
80.9,13.13,2273,22.8,Healthy
83.6,13.0,2312,21.0,Healthy
84.6,13.01,2311,22.0,Healthy
85.0,13.12,2155,23.0,Healthy
79.8,13.08,2384,23.4,Healthy
81.4,13.03,2327,21.5,Healthy
80.8,13.14,2282,20.7,Healthy
82.5,13.04,2368,22.4,Healthy
81.0,13.11,2180,22.5,Healthy
80.7,12.99,2152,22.6,Healthy
82.5,13.08,2121,21.1,Healthy
80.0,13.03,2166,23.4,Healthy
84.4,13.09,2078,22.0,Healthy
79.6,13.08,2253,21.0,Healthy
81.3,13.01,2463,20.6,Healthy
84.9,13.12,2438,21.1,Healthy
84.7,13.02,2425,20.9,Healthy
85.5,13.11,2389,22.9,Healthy
83.1,12.99,2278,20.9,Healthy
84.6,12.98,2156,23.3,Healthy
83.0,13.05,2315,22.0,Healthy
80.1,12.97,2290,21.8,Healthy
84.7,13.11,2443,21.9,Healthy
80.9,13.02,2305,20.5,Healthy
84.0,13.11,2217,23.1,Healthy
82.1,13.05,2415,22.1,Healthy
83.1,12.98,2482,22.7,Healthy
82.9,13.01,2179,22.2,Healthy
84.6,13.09,2311,21.2,Healthy
80.8,12.96,2221,22.1,Healthy
84.2,13.08,2489,21.4,Healthy
84.3,12.97,2337,23.2,Healthy
82.5,13.06,2442,22.8,Healthy
83.6,13.06,2525,21.7,Healthy
81.3,13.0,2374,22.1,Healthy
82.2,13.04,2229,20.9,Healthy
84.8,13.04,2477,21.9,Healthy
84.6,12.96,2321,22.5,Healthy
84.6,12.96,2201,21.2,Healthy
81.7,13.04,2168,22.2,Healthy
82.6,13.06,2426,22.8,Healthy
83.6,13.08,2564,23.1,Healthy
82.6,13.08,2483,23.0,Healthy
85.8,13.03,2321,22.9,Healthy
80.6,13.06,2181,21.4,Healthy
81.4,13.02,2555,20.8,Healthy
84.3,13.01,2292,20.6,Healthy
83.6,13.0,2588,21.8,Healthy
82.2,12.96,2204,20.3,Healthy
80.8,13.03,2573,22.8,Healthy
83.7,12.92,2585,23.1,Healthy
83.5,13.01,2409,20.5,Healthy
82.1,12.96,2371,22.0,Healthy
83.9,13.05,2294,21.8,Healthy
86.4,12.95,2279,20.9,Healthy
84.3,12.91,2350,21.6,Healthy
80.8,12.98,2576,21.2,Healthy
82.8,12.95,2441,21.1,Healthy
84.2,13.02,2271,22.1,Healthy
86.1,12.93,2619,20.8,Healthy
83.8,12.95,2498,22.0,Healthy
83.6,13.01,2534,21.7,Healthy
84.2,13.03,2367,21.5,Healthy
84.5,13.03,2411,21.1,Healthy
83.8,13.03,2479,21.9,Healthy
86.2,12.98,2460,20.8,Healthy
86.4,12.97,2360,20.3,Healthy
81.9,12.97,2312,22.0,Healthy
83.1,12.9,2575,22.5,Healthy
83.1,12.95,2646,21.9,Healthy
83.5,13.0,2646,20.4,Healthy
86.4,12.92,2663,21.5,Healthy
82.1,12.98,2272,22.8,Healthy
87.0,13.0,2372,20.0,Healthy
85.4,13.02,2468,21.0,Healthy
82.2,12.88,2451,20.6,Healthy
84.2,13.0,2528,20.1,Healthy
84.9,12.96,2293,22.0,Healthy
81.7,12.9,2642,22.0,Healthy
86.1,12.93,2315,20.5,Healthy
85.0,12.87,2452,22.3,Healthy
82.4,12.95,2644,20.1,Healthy
83.0,12.87,2490,21.4,Healthy
84.0,12.91,2343,21.1,Healthy
85.8,12.9,2549,21.1,Healthy
84.3,12.92,2453,20.8,Healthy
85.2,12.98,2646,20.9,Healthy
81.9,12.94,2534,20.7,Healthy
84.3,12.95,2353,20.8,Healthy
81.6,12.92,2621,20.9,Healthy
84.2,12.9,2635,20.8,Healthy
86.4,12.93,2422,21.1,Healthy
85.5,12.86,2461,20.3,Healthy
82.0,12.88,2559,21.4,Healthy
86.8,12.96,2690,21.9,Healthy
84.4,12.87,2715,19.9,Healthy
84.3,12.89,2507,20.1,Healthy
82.7,12.89,2722,21.6,Healthy
82.3,12.98,2719,19.9,Healthy
87.5,12.89,2730,21.5,Healthy
84.0,12.99,2485,20.3,Healthy
82.2,12.97,2421,21.9,Healthy
83.4,12.97,2766,19.7,Healthy
82.5,12.93,2694,19.7,Healthy
86.4,12.85,2635,21.5,Healthy
82.2,12.96,2549,20.4,Healthy
81.9,12.94,2458,20.6,Healthy
87.4,12.87,2533,21.3,Healthy
84.4,12.9,2594,19.6,Healthy
84.5,12.83,2658,20.3,Healthy
82.9,12.88,2446,19.9,Healthy
85.7,12.87,2789,20.7,Healthy
85.2,12.95,2623,22.0,Healthy
85.1,12.88,2749,21.7,Healthy
86.4,12.86,2703,22.4,Healthy
86.1,12.84,2735,19.6,Healthy
86.0,12.82,2463,20.1,Healthy
84.9,12.83,2785,20.1,Healthy
87.5,12.82,2661,21.0,Healthy
83.0,12.92,2581,21.2,Healthy
85.9,12.89,2763,22.1,Healthy
85.1,12.87,2747,20.1,Healthy
86.4,12.91,2735,21.9,Healthy
84.5,12.9,2460,19.4,Healthy
87.6,12.95,2664,22.1,Healthy
85.2,12.81,2633,21.2,Healthy
85.5,12.91,2739,20.3,Healthy
83.8,12.84,2596,19.7,Healthy
84.9,12.8,2522,21.9,Healthy
82.5,12.91,2638,20.9,Healthy
88.0,12.82,2711,20.5,Healthy
87.8,12.85,2708,21.9,Healthy
85.7,12.85,2599,21.4,Healthy
84.3,12.87,2598,20.2,Healthy
84.2,12.91,2624,19.9,Healthy
86.0,12.88,2487,22.2,Healthy
88.2,12.92,2804,21.6,Healthy
87.4,12.9,2881,22.2,Healthy
84.4,12.9,2526,21.1,Healthy
87.9,12.9,2600,20.3,Healthy
85.6,12.94,2712,22.1,Healthy
83.6,12.84,2517,19.3,Healthy
88.1,12.84,2532,21.1,Healthy
88.6,12.8,2555,19.8,Healthy
84.3,12.78,2647,19.2,Healthy
82.8,12.87,2703,19.5,Healthy
85.5,12.8,2640,19.9,Healthy
83.3,12.92,2752,20.5,Healthy
88.7,12.8,2783,19.4,Healthy
85.9,12.81,2761,22.0,Healthy
84.7,12.81,2577,21.2,Healthy
88.6,12.78,2550,20.3,Healthy
85.9,12.86,2829,19.8,Healthy
85.9,12.77,2610,20.8,Healthy
85.1,12.77,2618,21.4,Healthy
86.0,12.85,2893,20.6,Healthy
84.4,12.89,2852,20.1,Healthy
86.0,12.87,2739,19.7,Healthy
87.4,12.85,2737,20.5,Healthy
88.5,12.82,2796,19.9,Healthy
88.0,12.84,2690,19.2,Healthy
86.8,12.75,2569,21.1,Healthy
85.1,12.78,2900,19.4,Healthy
88.8,12.75,2878,21.2,Healthy
87.7,12.84,2754,21.6,Healthy
88.2,12.89,2749,19.5,Healthy
83.8,12.88,2590,20.0,Healthy
84.4,12.74,2922,19.3,Healthy
85.3,12.78,2978,19.2,Healthy
84.7,12.83,2889,20.1,Healthy
87.1,12.89,2668,19.2,Healthy
84.2,12.77,2683,19.1,Healthy
87.3,12.74,2745,21.2,Healthy
88.5,12.87,2772,20.0,Healthy
87.1,12.82,2910,19.4,Healthy
88.1,12.79,2731,19.9,Healthy
86.0,12.78,2959,19.7,Healthy
85.2,12.85,2815,19.3,Healthy
84.4,12.78,2633,20.4,Healthy
84.7,12.77,2709,19.8,Healthy
86.7,12.75,2931,21.4,Healthy
85.8,12.85,2925,21.2,Healthy
85.4,12.85,2676,20.5,Healthy
85.1,12.81,2651,21.1,Healthy
89.4,12.75,2803,21.0,Healthy
88.0,12.71,2960,20.4,Healthy
88.2,12.76,2696,20.9,Healthy
87.1,12.72,2775,19.5,Healthy
88.1,12.77,2900,19.9,Healthy
86.9,12.8,2762,20.6,Healthy
84.8,12.74,2698,20.2,Healthy
89.8,12.79,2951,19.6,Healthy
87.9,12.79,2751,21.4,Healthy
86.9,12.82,2669,20.6,Healthy
89.8,12.85,2939,19.3,Healthy
87.6,12.77,2682,20.0,Healthy
88.1,12.71,2951,21.6,Healthy
87.4,12.74,2961,19.4,Healthy
90.1,12.8,2737,21.5,Healthy
85.8,12.84,3050,21.1,Healthy
86.1,12.84,2711,20.0,Healthy
85.8,12.69,2715,18.9,Healthy
85.3,12.79,2987,21.1,Healthy
86.7,12.78,3068,19.7,Healthy
86.2,12.77,3016,21.0,Healthy
88.3,12.7,3035,21.2,Healthy
89.1,12.82,3037,18.9,Healthy
89.4,12.73,2947,20.9,Healthy
90.2,12.8,2919,20.4,Healthy
86.7,12.8,3045,18.6,Healthy
87.9,12.73,3115,20.9,Healthy
87.1,12.83,2918,18.5,Healthy
88.6,12.73,2983,19.2,Healthy
89.1,12.74,3041,19.0,Healthy
88.1,12.8,2987,20.5,Healthy
89.3,12.71,3128,18.5,Healthy
89.0,12.68,3021,19.1,Healthy
89.9,12.67,2995,20.8,Healthy
87.8,12.73,2819,18.6,Healthy
85.5,12.69,3037,18.9,Healthy
87.8,12.76,2803,19.1,Healthy
88.2,12.69,3003,20.8,Healthy
90.0,12.81,3018,18.5,Healthy
86.1,12.73,3155,20.6,Healthy
88.4,12.81,3067,19.2,Healthy
85.8,12.69,2947,19.8,Healthy
88.1,12.66,2964,19.5,Healthy
88.4,12.66,3093,19.1,Healthy
89.1,12.78,2983,20.9,Healthy
85.0,12.79,3082,21.0,Healthy
86.4,12.67,2985,20.7,Healthy
87.4,12.75,2926,18.7,Healthy
87.0,12.66,3148,19.3,Healthy
89.9,12.66,3171,20.7,Healthy
89.1,12.76,3169,20.5,Healthy
87.7,12.64,2977,20.4,Healthy
88.4,12.71,3126,18.5,Healthy
87.9,12.7,3182,18.6,Healthy
87.6,12.72,3098,18.4,Healthy
88.2,12.65,3049,19.6,Healthy
88.6,12.71,3078,18.8,Healthy
86.6,12.79,2915,19.7,Healthy
87.0,12.72,2878,18.7,Healthy
86.5,12.65,2857,19.5,Healthy
90.9,12.7,2993,20.0,Healthy
86.5,12.71,3120,20.9,Healthy
85.7,12.62,2984,19.2,Healthy
89.8,12.64,3134,20.4,Healthy
86.5,12.62,2968,21.0,Healthy
86.4,12.69,3214,21.0,Healthy
90.0,12.67,3086,18.2,Healthy
88.6,12.69,3228,20.6,Healthy
87.8,12.74,2914,19.1,Healthy
90.6,12.62,3136,19.0,Healthy
89.4,12.66,3179,19.7,Healthy
85.6,12.61,3093,20.9,Healthy
90.6,12.62,3021,21.0,Healthy
86.1,12.69,3079,18.5,Healthy
91.1,12.61,2961,20.3,Healthy
89.2,12.73,3054,20.0,Healthy
91.6,12.68,2907,18.4,Healthy
86.3,12.69,2947,20.0,Healthy
87.4,12.61,3283,20.5,Healthy
91.0,12.64,2940,20.3,Healthy
91.1,12.66,2968,19.4,Healthy
90.5,12.72,2935,18.9,Healthy
88.4,12.65,3053,19.8,Healthy
90.4,12.64,3065,19.5,Healthy
90.9,12.62,2932,20.8,Healthy
87.8,12.59,3219,19.4,Healthy
88.4,12.64,3074,19.5,Healthy
87.8,12.68,3280,20.2,Healthy
87.0,12.67,3145,20.5,Healthy
86.2,12.71,3045,19.1,Healthy
87.9,12.58,3022,20.3,Healthy
89.1,12.69,3111,20.2,Healthy
89.4,12.67,3302,18.7,Healthy
89.9,12.72,2955,19.7,Healthy
90.4,12.72,2959,19.9,Healthy
86.4,12.58,2999,20.6,Healthy
91.5,12.62,2997,19.2,Healthy
91.5,12.61,3125,18.7,Healthy
88.1,12.66,2983,17.8,Healthy
90.7,12.65,3231,19.8,Healthy
87.0,12.72,3047,18.0,Healthy
88.7,12.59,3122,18.1,Healthy
88.3,12.63,3044,19.7,Healthy
87.6,12.7,3034,19.6,Healthy
92.3,12.56,3335,19.8,Healthy
91.7,12.68,3007,19.9,Healthy
92.2,12.56,3029,20.3,Healthy
90.5,12.59,3345,19.3,Healthy
89.8,12.69,3103,19.7,Healthy
87.5,12.7,3211,18.8,Healthy
91.8,12.64,3104,17.8,Healthy
89.8,12.65,3022,19.7,Healthy
90.1,12.58,3365,18.8,Healthy
90.8,12.55,3267,18.9,Healthy
87.1,12.57,3158,18.2,Healthy
86.8,12.54,3029,18.0,Healthy
88.3,12.69,3019,19.0,Healthy
91.7,12.69,3330,17.7,Healthy
90.7,12.57,3054,18.9,Healthy
91.8,12.61,3151,18.3,Healthy
88.8,12.66,3182,19.7,Healthy
91.9,12.54,3034,19.8,Healthy
90.3,12.53,3309,18.8,Healthy
89.3,12.55,3388,17.7,Healthy
87.6,12.64,3335,17.6,Healthy
87.6,12.53,3137,18.7,Healthy
88.5,12.68,3330,20.4,Healthy
91.2,12.65,3258,19.6,Healthy
89.5,12.58,3314,20.1,Healthy
90.6,12.52,3209,19.5,Healthy
88.7,12.64,3290,19.6,Healthy
90.6,12.67,3071,17.6,Healthy
88.3,12.61,3319,20.1,Healthy
89.1,12.54,3261,20.0,Healthy
87.7,12.67,3399,18.7,Healthy
93.2,12.6,3392,18.9,Healthy
88.7,12.51,3175,20.2,Healthy
91.2,12.54,3328,18.6,Healthy
90.6,12.58,3119,19.2,Healthy
89.6,12.55,3283,18.5,Healthy
90.3,12.6,3205,18.8,Healthy
89.2,12.52,3099,20.0,Healthy
90.2,12.64,3210,18.7,Healthy
93.3,12.66,3192,17.5,Healthy
91.9,12.54,3172,20.2,Healthy
89.9,12.54,3323,18.3,Healthy
91.9,12.58,3468,19.8,Healthy
92.2,12.54,3278,19.5,Healthy
92.8,12.57,3488,17.8,Healthy
91.6,12.63,3169,19.7,Healthy
89.7,12.53,3193,20.2,Healthy
87.8,12.55,3161,19.6,Healthy
91.2,12.62,3245,17.9,Healthy
88.1,12.5,3527,18.4,Healthy
91.6,12.61,3496,19.3,Healthy
93.1,12.59,3173,19.6,Healthy
90.3,12.52,3421,19.6,Healthy
88.0,12.56,3449,20.0,Healthy
89.3,12.57,3449,19.9,Healthy
89.0,12.55,3180,19.9,Healthy
90.6,12.57,3334,17.6,Healthy
93.4,12.53,3447,18.3,Healthy
91.1,12.54,3347,17.5,Healthy
91.7,12.52,3236,17.3,Healthy
90.3,12.61,3262,18.9,Healthy
89.8,12.62,3454,17.5,Healthy
91.1,12.49,3537,17.5,Healthy
92.9,12.58,3437,18.3,Healthy
88.7,12.47,3251,19.6,Healthy
90.1,12.6,3477,18.2,Healthy
88.6,12.56,3213,18.3,Healthy
93.9,12.53,3293,18.5,Healthy
90.9,12.51,3410,18.7,Healthy
93.6,12.56,3321,17.1,Healthy
91.7,12.55,3525,20.0,Healthy
91.6,12.54,3450,18.4,Healthy
91.6,12.54,3592,19.1,Healthy
91.2,12.45,3389,19.6,Healthy
89.5,12.54,3548,17.2,Healthy
88.4,12.59,3349,17.6,Healthy
88.8,12.6,3225,18.0,Healthy
90.6,12.53,3501,17.6,Healthy
92.0,12.48,3311,18.7,Healthy
91.2,12.55,3610,17.4,Healthy
93.2,12.55,3527,17.1,Healthy
90.7,12.54,3373,17.6,Healthy
89.5,12.48,3390,18.5,Healthy
91.4,12.55,3617,19.8,Healthy
92.2,12.51,3251,19.0,Healthy
92.2,12.5,3255,18.2,Healthy
94.0,12.47,3366,17.5,Healthy
91.1,12.43,3290,17.8,Healthy
92.6,12.51,3450,18.6,Healthy
90.4,12.55,3444,18.0,Healthy
94.5,12.54,3361,17.9,Healthy
92.7,12.51,3541,18.3,Healthy
88.7,12.42,3578,17.4,Healthy
90.0,12.51,3524,17.9,Healthy
92.2,12.45,3338,16.9,Healthy
93.0,12.45,3674,18.5,Healthy
91.5,12.51,3325,19.3,Healthy
91.4,12.54,3485,19.6,Healthy
94.8,12.52,3337,17.1,Healthy
94.5,12.45,3631,17.3,Healthy
93.1,12.44,3381,17.6,Healthy
94.4,12.44,3574,18.3,Healthy
91.6,12.49,3345,18.5,Healthy
90.1,12.49,3374,19.4,Healthy
92.2,12.4,3595,17.4,Healthy
91.7,12.41,3601,18.0,Healthy
92.3,12.42,3459,18.6,Healthy
90.8,12.45,3360,18.9,Healthy
93.6,12.41,3710,17.0,Healthy
93.4,12.47,3547,16.9,Healthy
90.8,12.47,3529,17.3,Healthy
94.6,12.53,3677,17.1,Healthy
89.8,12.43,3637,17.3,Healthy
91.9,12.45,3386,17.3,Healthy
95.2,12.46,3407,16.8,Healthy
92.0,12.51,3469,19.2,Healthy
91.3,12.51,3460,18.7,Healthy
91.8,12.4,3651,17.1,Healthy
93.2,12.44,3366,18.8,Healthy
95.0,12.47,3392,18.2,Healthy
89.6,12.49,3543,18.6,Healthy
90.2,12.5,3420,18.3,Healthy
90.3,12.53,3429,16.9,Healthy
93.6,12.52,3588,17.9,Healthy
94.3,12.52,3574,16.8,Healthy
95.1,12.5,3679,18.0,Healthy
92.2,12.47,3394,18.5,Healthy
91.1,12.42,3588,18.2,Healthy
89.8,12.47,3764,17.9,Healthy
91.5,12.41,3757,17.8,Healthy
92.1,12.45,3517,19.0,Healthy
94.5,12.43,3790,16.9,Healthy
94.6,12.44,3617,17.2,Healthy
95.2,12.45,3533,19.0,Healthy
93.9,12.51,3598,17.4,Healthy
92.7,12.4,3567,18.2,Healthy
95.7,12.36,3688,16.9,Healthy
95.0,12.44,3578,18.7,Healthy
90.0,12.48,3795,16.7,Healthy
94.5,12.47,3797,17.5,Healthy
92.8,12.46,3591,18.0,Healthy
93.9,12.35,3782,18.9,Healthy
93.2,12.38,3521,17.6,Healthy
92.3,12.43,3699,18.7,Healthy
94.2,12.46,3715,17.6,Healthy
90.3,12.4,3766,17.4,Healthy
90.3,12.43,3578,16.5,Healthy
95.6,12.43,3780,18.8,Healthy
92.1,12.4,3704,17.0,Healthy
94.6,12.44,3570,16.7,Healthy
90.3,12.46,3486,16.8,Healthy
90.4,12.37,3743,17.1,Healthy
90.8,12.47,3642,17.0,Healthy
94.6,12.35,3678,17.0,Healthy
94.1,12.34,3477,18.8,Healthy
93.8,12.46,3729,16.4,Healthy
95.8,12.47,3750,18.1,Healthy
93.9,12.42,3874,19.1,Healthy
95.9,12.36,3856,16.9,Healthy
95.0,12.33,3551,16.7,Healthy
90.6,12.43,3634,18.7,Healthy
91.1,12.33,3706,18.4,Healthy
91.3,12.37,3562,18.6,Healthy
94.2,12.34,3511,17.8,Healthy
94.3,12.45,3890,18.9,Healthy
91.8,12.4,3689,18.2,Healthy
93.1,12.37,3552,17.5,Healthy
95.8,12.34,3574,17.2,Healthy
93.9,12.37,3917,18.6,Healthy
92.9,12.43,3619,17.4,Healthy
95.5,12.37,3625,16.6,Healthy
92.9,12.3,3787,16.2,Healthy
90.9,12.37,3908,16.7,Healthy
94.9,12.42,3617,19.0,Healthy
93.8,12.38,3577,17.4,Healthy
94.7,12.29,3885,18.1,Healthy
92.4,12.42,3604,16.0,Healthy
93.1,12.31,3940,16.0,Healthy
93.1,12.4,3783,17.6,Healthy
92.9,12.41,3857,18.4,Healthy
95.9,12.43,3856,17.0,Healthy
95.0,12.29,3840,16.6,Healthy
94.0,12.32,3959,16.3,Healthy
91.4,12.34,3856,17.2,Healthy
92.7,12.41,3718,18.8,Healthy
97.0,12.3,3731,16.5,Healthy
93.3,12.37,3756,16.9,Healthy
95.9,12.34,3924,17.8,Healthy
95.4,12.34,3701,16.8,Healthy
93.3,12.35,3772,18.6,Healthy
92.0,12.35,3682,17.9,Healthy
96.9,12.31,3935,18.5,Healthy
96.6,12.28,3726,17.1,Healthy
95.3,12.36,3755,18.7,Healthy
93.9,12.39,3845,16.4,Healthy
96.9,12.39,3903,17.8,Healthy
93.3,12.34,3924,16.8,Healthy
92.1,12.4,3645,16.4,Healthy
91.6,12.38,3845,16.3,Healthy
95.3,12.3,3644,17.8,Healthy
91.5,12.37,3677,17.7,Healthy
92.2,12.37,4023,18.4,Healthy
95.9,12.25,3808,18.1,Healthy
97.4,12.4,3673,16.6,Healthy
93.5,12.39,3981,17.2,Healthy
95.5,12.38,4022,17.7,Healthy
94.4,12.36,4007,17.7,Healthy
96.5,12.36,3656,17.3,Healthy
93.1,12.39,4031,15.8,Healthy
96.0,12.37,3753,17.3,Healthy
92.4,12.35,3810,17.3,Healthy
97.2,12.26,4037,18.6,Healthy
93.4,12.25,4035,17.4,Healthy
91.9,12.3,3855,16.7,Healthy
93.5,12.36,3847,18.2,Healthy
97.8,12.33,3883,17.3,Healthy
92.6,12.35,4000,18.5,Healthy
96.0,12.24,3959,16.2,Healthy
96.9,12.38,4020,16.9,Healthy
93.3,12.25,3871,17.3,Healthy
94.3,12.27,3873,15.7,Healthy
95.0,12.36,4019,17.2,Healthy
95.8,12.37,4041,16.2,Healthy
93.7,12.23,3936,16.8,Healthy
94.0,12.25,4057,18.0,Healthy
97.6,12.31,4083,15.6,Healthy
96.5,12.34,3920,16.4,Healthy
97.9,12.26,4108,18.2,Healthy
96.4,12.36,3843,18.1,Healthy
97.3,12.24,3788,15.5,Healthy
98.2,12.33,4011,16.3,Warning
97.9,12.3,3728,16.5,Healthy
94.2,12.24,3910,16.7,Healthy
92.7,12.32,3939,18.0,Healthy
97.4,12.31,3746,16.9,Healthy
94.6,12.21,3827,18.3,Healthy
95.0,12.25,3822,17.5,Healthy
94.2,12.36,4058,16.7,Healthy
93.5,12.26,4078,16.7,Healthy
94.5,12.29,4096,15.9,Healthy
98.1,12.28,4050,16.1,Warning
97.4,12.32,4095,16.4,Healthy
94.5,12.26,3799,15.8,Healthy
94.6,12.31,3977,18.2,Healthy
98.1,12.21,3804,17.2,Warning
93.9,12.34,3793,16.2,Healthy
98.0,12.31,4107,16.0,Warning
97.8,12.33,3964,18.2,Healthy
94.2,12.29,3880,18.0,Healthy
93.7,12.34,4064,15.8,Healthy
93.1,12.32,3917,16.8,Healthy
97.4,12.19,3881,16.5,Warning
96.4,12.21,3793,16.0,Healthy
94.0,12.2,4190,15.6,Warning
92.9,12.22,3893,18.1,Healthy
96.2,12.3,3939,16.8,Healthy
92.8,12.17,4027,16.3,Warning
97.4,12.32,4089,17.2,Healthy
94.0,12.28,4201,16.8,Healthy
97.0,12.17,3820,16.6,Warning
94.5,12.27,3866,16.3,Healthy
94.3,12.2,4058,17.5,Warning
93.6,12.18,3951,15.9,Warning
96.7,12.3,4024,15.6,Healthy
93.5,12.26,4189,17.4,Healthy
97.5,12.17,4072,17.4,Warning
95.3,12.2,4178,17.8,Warning
93.1,12.19,4029,15.9,Warning
94.7,12.29,3938,16.3,Healthy
93.4,12.21,4129,15.1,Healthy
95.0,12.29,4100,16.8,Healthy
98.0,12.17,3897,17.7,Warning
94.1,12.26,3863,17.1,Healthy
93.4,12.18,3951,15.4,Warning
94.9,12.28,4215,16.5,Healthy
93.5,12.19,4182,17.8,Warning
94.8,12.22,3932,15.1,Healthy
97.0,12.27,4212,15.8,Healthy
97.3,12.17,4108,16.0,Warning
94.3,12.28,4007,17.0,Healthy
97.5,12.22,3973,17.4,Healthy
98.0,12.21,3942,17.8,Warning
95.5,12.25,4191,16.8,Healthy
93.6,12.17,3966,15.1,Warning
95.6,12.16,4190,16.9,Warning
97.3,12.15,4048,17.9,Warning
94.5,12.18,4213,16.8,Warning
98.1,12.22,4003,15.8,Warning
97.6,12.25,4069,16.3,Healthy
94.5,12.19,4069,15.4,Warning
93.9,12.23,4274,15.7,Healthy
98.6,12.22,4250,16.4,Warning
97.5,12.2,4108,17.1,Warning
93.8,12.23,4223,15.2,Healthy
98.9,12.24,4265,16.8,Warning
99.2,12.17,4163,17.0,Warning
96.3,12.17,4198,17.0,Warning
96.9,12.15,3981,14.9,Warning
96.8,12.15,4225,15.6,Warning
95.8,12.23,4227,16.1,Healthy
96.2,12.15,4334,16.7,Warning
95.3,12.22,4184,15.9,Healthy
95.8,12.2,3969,14.9,Warning
95.8,12.2,4149,17.6,Warning
96.8,12.2,4303,16.2,Warning
94.1,12.19,4030,16.3,Warning
96.7,12.21,4284,15.3,Healthy
99.2,12.23,4286,16.0,Warning
95.0,12.13,4074,15.3,Warning
99.9,12.17,4331,15.1,Warning
99.9,12.21,4354,15.7,Warning
96.9,12.18,4139,17.2,Warning
97.6,12.13,4233,15.4,Warning
98.4,12.12,4217,15.3,Warning
97.4,12.2,4254,16.2,Warning
99.9,12.09,4329,16.2,Warning
94.5,12.19,4015,17.2,Warning
98.3,12.18,4073,17.2,Warning
96.6,12.14,4196,16.7,Warning
94.9,12.2,4240,16.8,Warning
95.6,12.22,4319,15.9,Healthy
99.2,12.15,4251,17.4,Warning
99.0,12.2,4124,17.5,Warning
95.0,12.12,4401,15.9,Warning
99.4,12.19,4158,14.8,Warning
94.9,12.08,4155,17.3,Warning
94.6,12.14,4201,15.7,Warning
99.6,12.21,4291,14.9,Warning
95.5,12.2,4162,16.7,Warning
95.8,12.16,4225,16.7,Warning
95.6,12.12,4192,15.6,Warning
97.4,12.08,4121,16.8,Warning
97.3,12.12,4068,16.3,Warning
97.0,12.13,4440,16.6,Warning
100.7,12.1,4215,16.5,Warning
96.1,12.06,4143,15.8,Warning
100.0,12.18,4300,16.6,Warning
99.0,12.1,4274,15.0,Warning
95.6,12.2,4369,16.1,Warning
95.5,12.18,4449,16.3,Warning
100.3,12.18,4409,17.1,Warning
95.1,12.04,4407,16.3,Warning
95.8,12.13,4455,14.7,Warning
99.2,12.13,4451,15.7,Warning
99.7,12.19,4324,16.1,Warning
96.9,12.15,4426,16.2,Warning
97.3,12.14,4481,15.9,Warning
98.5,12.13,4186,16.0,Warning
97.0,12.16,4449,15.1,Warning
99.5,12.17,4312,14.8,Warning
97.3,12.12,4434,17.0,Warning
98.0,12.15,4292,16.6,Warning
96.2,12.09,4430,14.7,Warning
99.4,12.1,4391,15.9,Warning
97.3,12.15,4455,15.4,Warning
99.3,12.1,4417,16.6,Warning
96.2,12.09,4528,16.4,Warning
99.6,12.17,4254,16.5,Warning
98.2,12.13,4254,14.8,Warning
96.4,12.08,4408,15.4,Warning
99.9,12.16,4398,14.3,Warning
96.7,12.15,4508,14.9,Warning
101.0,12.02,4289,16.6,Warning
100.3,12.15,4229,17.0,Warning
99.3,12.05,4392,16.6,Warning
100.5,12.03,4504,14.5,Warning
96.1,12.02,4441,14.8,Warning
100.8,12.07,4285,16.1,Warning
96.4,12.15,4234,16.3,Warning
97.9,12.16,4274,14.4,Warning
97.6,12.11,4513,14.4,Warning
97.6,12.05,4326,15.7,Warning
100.3,12.03,4260,16.8,Warning
98.6,12.14,4502,16.6,Warning
100.5,12.15,4466,16.4,Warning
96.7,12.11,4335,16.3,Warning
100.5,12.11,4513,14.4,Warning
98.9,12.01,4310,15.4,Warning
98.8,12.09,4513,15.5,Warning
101.5,11.99,4389,14.3,Warning
100.9,12.07,4213,14.1,Warning
100.5,12.05,4558,15.7,Warning
100.6,12.14,4410,14.3,Warning
96.2,12.02,4457,16.0,Warning
100.7,12.07,4339,14.9,Warning
96.0,12.03,4613,15.7,Warning
99.6,12.09,4502,16.7,Warning
99.7,12.13,4414,14.8,Warning
97.9,12.12,4326,14.6,Warning
101.5,11.98,4424,14.7,Warning
97.1,12.09,4629,15.8,Warning
100.5,12.04,4294,15.8,Warning
97.4,12.04,4507,14.5,Warning
98.3,11.98,4313,15.9,Warning
99.8,12.06,4393,14.3,Warning
101.1,12.05,4400,14.5,Warning
102.0,12.08,4372,16.7,Warning
98.2,12.12,4431,15.2,Warning
98.8,11.99,4641,15.8,Warning
100.5,11.97,4429,14.3,Warning
101.2,12.08,4348,15.4,Warning
98.2,12.02,4645,14.3,Warning
97.0,12.0,4564,14.3,Warning
97.7,11.96,4550,14.1,Warning
96.6,12.06,4417,14.9,Warning
102.0,11.96,4518,15.1,Warning
98.2,12.06,4419,14.0,Warning
102.6,12.02,4492,15.2,Warning
100.3,12.09,4575,14.9,Warning
99.7,11.99,4686,15.7,Warning
98.8,12.08,4358,14.9,Warning
99.0,12.07,4579,14.2,Warning
102.6,12.01,4638,15.8,Warning
97.2,12.07,4398,14.2,Warning
102.6,12.01,4481,14.2,Warning
100.8,12.03,4620,15.6,Warning
97.6,12.08,4353,15.9,Warning
97.9,12.02,4590,14.0,Warning
101.3,11.99,4553,16.2,Warning
102.4,12.02,4723,14.7,Warning
102.0,11.99,4728,14.8,Warning
102.3,11.94,4348,16.1,Warning
101.1,12.05,4540,15.8,Warning
101.1,11.92,4651,13.6,Warning
99.1,12.02,4691,15.5,Warning
102.0,12.0,4687,14.7,Warning
100.0,11.92,4464,15.9,Warning
97.4,11.98,4483,13.8,Warning
100.7,11.99,4483,16.4,Warning
101.2,11.97,4616,15.5,Warning
99.8,11.99,4570,14.9,Warning
100.6,11.97,4496,13.7,Warning
100.4,11.91,4621,14.1,Warning
98.5,12.04,4447,16.0,Warning
101.9,12.04,4690,15.9,Warning
99.5,11.98,4677,16.4,Warning
99.0,12.05,4643,16.0,Warning
99.2,11.98,4645,13.9,Warning
100.5,11.91,4537,15.8,Warning
101.7,11.98,4606,15.3,Warning
97.5,12.03,4747,14.2,Warning
103.3,11.9,4709,15.3,Warning
101.2,11.91,4518,14.0,Warning
101.9,11.93,4735,15.9,Warning
99.3,11.92,4468,15.4,Warning
99.9,11.92,4564,16.2,Warning
100.7,12.02,4694,14.6,Warning
100.0,12.02,4564,14.7,Warning
97.6,11.99,4454,15.8,Warning
100.9,11.95,4802,14.3,Warning
101.8,12.02,4514,15.0,Warning
101.5,11.9,4511,14.4,Warning
102.9,11.97,4779,16.1,Warning
97.8,11.91,4747,13.7,Warning
98.9,12.02,4702,13.3,Warning
103.0,11.92,4484,15.3,Warning
103.3,11.91,4466,15.2,Warning
102.6,11.96,4777,15.5,Warning
98.6,11.92,4685,14.7,Warning
98.1,11.99,4768,15.4,Warning
102.2,11.96,4708,13.9,Warning
101.1,12.01,4557,13.5,Warning
100.1,11.9,4756,15.9,Warning
101.4,11.88,4733,14.7,Warning
100.1,11.97,4579,15.0,Warning
100.3,11.9,4532,14.6,Warning
102.3,11.98,4831,15.6,Warning
103.6,11.94,4698,14.8,Warning
103.7,11.93,4748,14.8,Warning
99.1,11.92,4619,14.5,Warning
103.0,11.91,4759,14.8,Warning
104.0,11.99,4872,14.5,Warning
99.1,11.99,4511,13.4,Warning
101.6,11.94,4788,13.4,Warning
100.0,11.98,4891,15.5,Warning
100.5,11.87,4793,15.3,Warning
102.8,11.88,4917,15.8,Warning
99.3,11.87,4908,14.0,Warning
101.7,11.98,4817,15.5,Warning
103.5,11.92,4565,13.7,Warning
104.1,11.89,4823,13.0,Warning
99.0,11.95,4538,14.0,Warning
103.2,11.96,4757,15.1,Warning
103.1,11.97,4768,13.4,Warning
102.8,11.93,4629,13.6,Warning
99.2,11.91,4893,15.8,Warning
99.1,11.97,4583,15.3,Warning
99.1,11.9,4658,12.9,Warning
103.5,11.97,4891,15.4,Warning
103.1,11.88,4844,13.4,Warning
100.2,11.9,4576,14.9,Warning
99.3,11.83,4777,15.1,Warning
99.2,11.97,4960,14.8,Warning
102.5,11.82,4585,15.3,Warning
104.2,11.89,4664,15.2,Warning
104.0,11.85,4912,13.6,Warning
101.4,11.94,4626,13.0,Warning
101.1,11.84,4980,15.5,Warning
102.2,11.84,4796,15.7,Warning
104.4,11.82,4669,15.4,Warning
100.0,11.87,4842,14.3,Warning
102.5,11.88,4844,13.8,Warning
99.3,11.9,4693,14.5,Warning
101.8,11.8,4778,15.0,Warning
101.4,11.95,4758,13.5,Warning
101.3,11.94,4864,15.2,Warning
103.3,11.85,4670,14.8,Warning
103.6,11.83,5017,13.2,Warning
99.3,11.83,4967,13.1,Warning
103.8,11.89,4661,15.3,Warning
105.1,11.94,4868,15.0,Warning
99.6,11.91,4723,15.1,Warning
100.5,11.87,4654,13.0,Warning
100.1,11.85,4955,15.5,Warning
100.6,11.89,5007,13.9,Warning
100.0,11.79,4897,14.3,Warning
105.0,11.9,4729,15.1,Warning
102.9,11.86,5020,14.9,Warning
103.7,11.9,5039,15.2,Warning
105.0,11.92,4952,13.2,Warning
104.3,11.89,5002,14.9,Warning
101.6,11.8,4709,13.7,Warning
105.1,11.88,5063,13.0,Warning
99.5,11.77,4992,15.2,Warning
104.0,11.85,4726,14.9,Warning
101.9,11.87,4806,12.9,Warning
105.2,11.88,5035,13.7,Warning
104.1,11.79,4821,14.6,Warning
102.6,11.81,4824,14.2,Warning
101.8,11.88,4838,13.6,Warning
100.6,11.88,4704,14.5,Warning
101.7,11.89,4725,14.5,Warning
105.6,11.84,4799,15.2,Warning
105.5,11.87,4813,13.2,Warning
103.6,11.88,4867,14.7,Warning
105.0,11.85,4923,14.5,Warning
100.8,11.84,4763,15.1,Warning
102.0,11.85,4813,15.1,Warning
100.5,11.81,5115,13.4,Warning
103.4,11.82,4926,14.8,Warning
101.9,11.82,4938,13.8,Warning
100.9,11.86,5008,13.6,Warning
103.6,11.85,4817,12.5,Warning
104.2,11.79,4744,15.0,Warning
101.2,11.78,5076,14.4,Warning
105.7,11.8,4965,15.1,Warning
105.4,11.8,5053,12.9,Warning
100.4,11.75,5031,13.7,Warning
101.6,11.86,4857,13.9,Warning
102.8,11.79,4918,14.1,Warning
104.1,11.81,5151,14.9,Warning
104.3,11.81,4874,15.2,Warning
101.4,11.77,4978,13.9,Warning
102.1,11.8,4865,14.0,Warning
104.6,11.75,5173,13.1,Warning
105.5,11.76,5051,12.2,Warning
106.0,11.88,5169,14.0,Warning
101.3,11.8,5124,13.9,Warning
102.3,11.78,4822,12.4,Warning
105.6,11.86,5045,14.1,Warning
100.8,11.81,5149,13.4,Warning
104.9,11.82,4892,12.2,Warning
105.8,11.72,5166,13.6,Warning
105.6,11.79,5034,15.0,Warning
103.3,11.75,4868,12.3,Warning
101.2,11.83,4893,14.0,Warning
106.3,11.81,5113,12.2,Warning
101.5,11.76,4834,12.7,Warning
103.3,11.83,5137,14.4,Warning
101.4,11.74,5168,12.9,Warning
102.4,11.83,5014,13.9,Warning
106.0,11.84,5106,12.7,Warning
101.6,11.72,5057,12.7,Warning
103.2,11.7,5209,13.5,Warning
103.4,11.78,4944,12.6,Warning
104.7,11.7,5235,14.1,Warning
105.7,11.75,4946,13.5,Warning
104.9,11.81,4899,14.6,Warning
106.6,11.71,5133,14.9,Warning
104.2,11.78,4922,13.8,Warning
102.8,11.76,4949,13.1,Warning
106.0,11.77,4956,12.9,Warning
101.9,11.8,5015,13.6,Warning
106.2,11.76,4885,13.1,Warning
106.9,11.69,5266,12.4,Warning
102.9,11.71,5242,14.5,Warning
106.6,11.74,5186,14.3,Warning
101.7,11.69,5069,12.6,Warning
103.6,11.69,5271,14.4,Warning
103.1,11.79,5195,14.4,Warning
104.3,11.78,4994,12.5,Warning
104.1,11.8,5236,12.0,Warning
102.5,11.8,5202,13.7,Warning
102.4,11.77,5146,14.5,Warning
105.0,11.81,5167,13.6,Warning
106.0,11.71,5231,14.5,Warning
105.2,11.68,5180,12.3,Warning
107.0,11.77,5071,14.1,Warning
101.4,11.78,5074,13.7,Warning
103.1,11.77,5012,12.0,Warning
105.3,11.71,5061,14.2,Warning
101.7,11.73,5222,12.8,Warning
101.9,11.78,4962,13.3,Warning
106.4,11.79,5016,13.2,Warning
102.3,11.74,4995,14.7,Warning
104.2,11.78,5304,13.6,Warning
101.6,11.69,4955,13.3,Warning
105.2,11.68,5173,12.8,Warning
103.4,11.79,5208,14.0,Warning
104.7,11.79,5035,12.4,Warning
102.5,11.68,5327,13.0,Warning
106.6,11.67,5281,13.7,Warning
106.2,11.74,5281,14.3,Warning
106.8,11.73,5273,11.8,Warning
102.7,11.66,4984,13.6,Warning
107.7,11.74,5277,12.3,Warning
103.2,11.71,5100,13.9,Warning
103.6,11.72,5153,13.9,Warning
101.9,11.73,4990,12.7,Warning
104.7,11.75,5104,12.6,Warning
103.6,11.65,5096,13.7,Warning
106.4,11.75,5075,11.8,Warning
106.7,11.71,5202,13.2,Warning
107.6,11.73,5068,12.1,Warning
104.2,11.66,5112,12.1,Warning
107.2,11.77,5292,13.2,Warning
103.1,11.76,5139,14.3,Warning
102.4,11.74,5102,12.6,Warning
105.7,11.69,5078,13.4,Warning
103.9,11.65,5126,12.6,Warning
102.6,11.74,5218,13.2,Warning
102.8,11.7,5100,13.2,Warning
105.4,11.73,5308,12.3,Warning
105.3,11.74,5085,11.7,Warning
106.5,11.74,5378,12.2,Warning
107.2,11.68,5134,13.4,Warning
104.2,11.68,5066,11.4,Warning
107.6,11.67,5185,11.4,Warning
106.4,11.6,5420,12.1,Warning
107.5,11.64,5338,13.6,Warning
107.3,11.65,5145,12.6,Warning
107.1,11.6,5286,12.0,Warning
106.3,11.69,5248,13.0,Warning
102.5,11.65,5234,13.0,Warning
104.4,11.72,5436,13.1,Warning
106.5,11.73,5374,12.7,Warning
107.0,11.64,5215,12.9,Warning
103.0,11.66,5259,13.7,Warning
106.2,11.62,5413,12.2,Warning
104.4,11.69,5330,11.8,Warning
108.6,11.7,5314,11.5,Warning
103.0,11.71,5204,11.3,Warning
107.0,11.63,5193,13.5,Warning
103.5,11.69,5308,13.0,Warning
104.6,11.72,5328,12.9,Warning
103.6,11.61,5204,11.8,Warning
105.9,11.61,5140,14.1,Warning
104.8,11.7,5466,13.6,Warning
107.5,11.63,5160,11.8,Warning
108.2,11.69,5205,14.0,Warning
107.6,11.7,5201,13.4,Warning
108.4,11.7,5126,12.6,Warning
106.4,11.72,5462,14.1,Warning
107.9,11.66,5191,11.9,Warning
105.7,11.67,5199,12.9,Warning
105.2,11.63,5153,12.8,Warning
108.7,11.69,5304,11.4,Warning
104.7,11.59,5259,13.5,Warning
103.4,11.6,5179,13.2,Warning
108.0,11.61,5519,13.4,Warning
103.2,11.61,5317,11.2,Warning
108.6,11.6,5409,13.2,Warning
107.1,11.68,5212,11.0,Warning
109.2,11.63,5311,13.9,Warning
107.0,11.64,5353,13.3,Warning
108.0,11.54,5483,11.5,Warning
104.0,11.59,5525,12.9,Warning
104.6,11.65,5328,13.6,Warning
107.3,11.63,5455,13.8,Warning
104.4,11.65,5540,13.7,Warning
104.6,11.54,5471,11.9,Warning
106.3,11.59,5346,11.6,Warning
108.3,11.55,5308,13.9,Warning
104.5,11.59,5320,13.4,Warning
106.5,11.63,5388,11.0,Warning
106.2,11.67,5475,13.4,Warning
107.4,11.55,5530,12.8,Warning
104.3,11.6,5464,11.4,Warning
106.9,11.63,5425,11.1,Warning
109.3,11.54,5612,11.9,Warning
106.6,11.53,5583,12.9,Warning
107.2,11.55,5551,13.2,Warning
104.2,11.54,5556,10.9,Warning
103.8,11.52,5396,13.4,Warning
108.3,11.6,5388,12.5,Warning
104.5,11.52,5394,13.6,Warning
105.8,11.52,5507,13.3,Warning
105.9,11.55,5604,12.2,Warning
107.6,11.62,5391,11.3,Warning
109.3,11.65,5509,12.8,Warning
104.1,11.52,5592,12.8,Warning
107.2,11.52,5429,11.9,Warning
108.6,11.6,5600,11.5,Warning
107.1,11.61,5451,13.0,Warning
107.4,11.52,5478,11.4,Warning
104.7,11.54,5419,12.4,Warning
107.4,11.52,5529,12.3,Warning
104.6,11.61,5461,13.2,Warning
105.6,11.65,5629,10.8,Warning
108.8,11.61,5402,13.6,Warning
104.8,11.5,5416,12.4,Warning
108.3,11.61,5609,12.4,Warning
106.6,11.61,5361,12.5,Warning
106.6,11.53,5683,12.3,Warning
104.7,11.62,5618,12.9,Warning
109.1,11.6,5550,11.6,Warning
107.6,11.53,5516,13.5,Warning
109.2,11.58,5560,11.9,Warning
109.9,11.51,5572,10.6,Warning
108.5,11.6,5568,12.9,Warning
108.3,11.62,5590,10.8,Warning
106.9,11.56,5647,13.4,Warning
109.3,11.54,5422,12.6,Warning
110.4,11.47,5353,11.6,Warning
109.5,11.47,5714,10.8,Warning
107.7,11.52,5701,12.9,Warning
109.1,11.62,5484,11.9,Warning
107.4,11.53,5536,13.2,Warning
105.0,11.49,5371,12.4,Warning
108.2,11.48,5641,12.3,Warning
108.2,11.56,5381,11.2,Warning
110.3,11.46,5477,13.1,Warning
109.1,11.6,5455,13.2,Warning
105.8,11.61,5649,12.2,Warning
109.0,11.52,5433,12.1,Warning
107.2,11.53,5522,11.8,Warning
106.9,11.61,5383,13.0,Warning
110.2,11.57,5455,13.3,Warning
106.0,11.57,5604,10.9,Warning
106.7,11.59,5649,12.2,Warning
105.5,11.59,5732,12.9,Warning
110.8,11.54,5541,11.1,Warning
105.6,11.44,5743,13.2,Warning
110.8,11.58,5422,12.3,Warning
108.5,11.48,5733,13.1,Warning
109.0,11.58,5545,10.9,Warning
109.3,11.47,5572,11.7,Warning
108.8,11.53,5721,12.6,Warning
107.3,11.5,5738,12.7,Warning
107.9,11.55,5686,11.2,Warning
106.1,11.49,5467,12.9,Warning
109.9,11.5,5791,12.7,Warning
109.6,11.55,5532,12.8,Warning
106.1,11.49,5767,12.4,Warning
108.9,11.5,5690,12.6,Warning
110.5,11.51,5435,10.6,Warning
105.5,11.44,5668,11.3,Warning
111.0,11.55,5446,10.8,Warning
108.5,11.43,5475,12.7,Warning
109.1,11.5,5706,12.6,Warning
107.5,11.49,5586,12.9,Warning
109.8,11.44,5648,11.3,Warning
106.4,11.52,5584,10.5,Warning
106.1,11.45,5466,11.0,Warning
108.3,11.43,5642,12.1,Warning
109.6,11.49,5769,12.6,Warning
107.2,11.56,5857,11.4,Warning
110.6,11.41,5841,11.0,Warning
110.9,11.41,5502,12.1,Warning
107.8,11.56,5503,11.6,Warning
107.0,11.54,5735,11.9,Warning
106.5,11.55,5500,12.4,Warning
107.3,11.48,5545,12.6,Warning
107.0,11.53,5625,10.2,Warning
109.5,11.54,5656,10.1,Warning
111.5,11.43,5763,10.6,Warning
107.3,11.54,5763,10.3,Warning
106.5,11.46,5684,11.9,Warning
109.2,11.54,5821,12.6,Warning
109.7,11.39,5748,12.9,Warning
111.3,11.42,5816,12.3,Warning
111.0,11.43,5633,10.8,Warning
109.8,11.52,5556,11.9,Warning
106.6,11.53,5911,10.3,Warning
107.3,11.45,5598,9.9,Warning
106.7,11.45,5638,11.5,Warning
111.9,11.4,5650,10.7,Warning
110.6,11.53,5696,10.4,Warning
108.0,11.47,5781,10.7,Warning
110.5,11.46,5572,10.1,Warning
108.3,11.45,5930,11.0,Warning
110.8,11.47,5806,10.6,Warning
108.1,11.43,5643,9.8,Warning
107.7,11.48,5745,12.2,Warning
109.0,11.48,5879,10.2,Warning
111.4,11.36,5822,10.7,Warning
107.1,11.5,5684,11.5,Warning
107.0,11.42,5907,11.3,Warning
108.0,11.42,5620,11.2,Warning
109.2,11.47,5690,11.5,Warning
110.7,11.42,5774,9.8,Warning
112.2,11.41,5812,10.0,Warning
108.7,11.37,5847,12.3,Warning
111.7,11.41,5838,9.8,Warning
110.4,11.46,5588,11.8,Warning
108.1,11.42,5669,10.2,Warning
111.7,11.35,5980,10.4,Warning
107.0,11.37,5840,11.4,Warning
107.9,11.35,5641,11.5,Warning
107.0,11.38,5922,11.5,Warning
110.9,11.42,5721,11.7,Warning
111.6,11.46,5989,12.0,Warning
110.2,11.35,5780,11.9,Warning
108.4,11.45,5852,10.8,Warning
111.9,11.45,5742,10.0,Warning
108.2,11.47,5814,10.9,Warning
109.5,11.33,5802,11.5,Warning
107.7,11.38,5865,10.3,Warning
111.7,11.35,5815,10.2,Warning
109.6,11.38,6008,11.2,Warning
111.1,11.48,5795,12.2,Warning
109.4,11.39,5827,10.6,Warning
112.5,11.35,5667,11.1,Warning
110.4,11.41,5686,11.8,Warning
109.0,11.36,5847,11.2,Warning
108.3,11.37,5933,11.6,Warning
110.6,11.41,5926,10.5,Warning
112.3,11.34,6045,12.1,Warning
112.9,11.45,6007,12.4,Warning
111.5,11.45,5800,12.3,Warning
110.8,11.42,5809,10.1,Warning
110.0,11.43,5678,10.7,Warning
112.8,11.35,5796,12.2,Warning
109.5,11.31,5991,11.3,Warning
107.6,11.32,5850,11.5,Warning
108.7,11.34,5996,9.7,Warning
109.4,11.39,5917,10.0,Warning
107.4,11.3,5947,10.6,Critical
108.2,11.36,6053,12.3,Warning
111.8,11.4,5715,9.6,Warning
111.6,11.37,5962,10.7,Warning
110.8,11.38,5731,10.3,Warning
111.4,11.38,5874,10.4,Warning
108.4,11.4,5912,10.3,Warning
109.6,11.31,5814,12.0,Warning
108.9,11.41,5953,10.1,Warning
113.5,11.38,5905,9.9,Warning
112.2,11.32,5868,9.9,Warning
111.2,11.4,6069,10.5,Warning
108.7,11.36,6056,10.8,Warning
110.0,11.41,6090,12.2,Warning
113.5,11.29,6101,9.4,Critical
111.6,11.36,6056,10.2,Warning
111.8,11.36,6085,10.3,Warning
110.4,11.38,6050,11.5,Warning
112.9,11.39,5913,11.9,Warning
113.1,11.3,5872,11.0,Critical
110.9,11.42,6031,10.0,Warning
108.2,11.29,6069,9.4,Critical
111.0,11.41,5977,11.8,Warning
112.8,11.4,6048,9.3,Warning
110.3,11.31,5778,9.8,Warning
109.1,11.32,5821,9.5,Warning
113.1,11.31,5788,11.2,Warning
110.7,11.3,6062,10.7,Critical
112.4,11.3,5815,10.2,Critical
113.2,11.34,5899,11.6,Warning
110.3,11.35,6034,10.9,Warning
110.7,11.29,5941,9.8,Critical
108.4,11.35,6152,10.7,Warning
108.2,11.41,5807,10.5,Warning
109.7,11.26,5914,11.6,Critical
109.1,11.38,5843,11.9,Warning
110.2,11.31,6200,11.2,Warning
109.7,11.34,5913,9.4,Warning
113.0,11.39,5987,10.4,Warning
113.6,11.39,6030,10.8,Warning
114.2,11.3,5905,9.1,Critical
111.8,11.37,6065,10.5,Warning
109.0,11.33,6088,9.0,Warning
113.2,11.35,6212,11.9,Warning
110.0,11.36,6212,11.0,Warning
109.6,11.33,5850,11.5,Warning
111.6,11.3,6046,9.0,Critical
110.9,11.24,6133,11.5,Critical
112.5,11.32,6127,9.8,Warning
112.0,11.32,6252,9.7,Warning
110.1,11.37,6081,9.5,Warning
109.6,11.29,6250,9.9,Critical
111.4,11.34,5965,10.6,Warning
111.0,11.33,5958,10.5,Warning
114.4,11.28,6021,10.6,Critical
113.9,11.29,6185,11.7,Critical
111.6,11.26,5970,9.5,Critical
111.3,11.33,6101,9.7,Warning
109.6,11.35,6015,11.7,Warning
111.4,11.26,6153,10.0,Critical
111.2,11.3,6156,9.0,Critical
113.5,11.21,6245,10.5,Critical
114.7,11.26,6037,9.6,Critical
113.3,11.23,6096,10.6,Critical
113.7,11.29,6290,11.3,Critical
113.1,11.31,6095,10.6,Warning
109.6,11.29,6099,10.0,Critical
111.6,11.34,6108,8.8,Warning
111.1,11.25,6004,9.7,Critical
112.4,11.24,6260,9.1,Critical
112.0,11.23,6041,10.6,Critical
112.7,11.22,6265,11.0,Critical
110.1,11.19,6107,11.3,Critical
115.2,11.33,6318,9.1,Critical
110.5,11.23,6003,9.8,Critical
111.9,11.34,6073,11.1,Warning
113.0,11.22,5988,8.9,Critical
110.9,11.31,6206,10.1,Warning
113.7,11.26,6305,10.0,Critical
112.5,11.31,6330,10.2,Warning
114.7,11.25,6237,11.0,Critical
112.9,11.28,5966,9.0,Critical
113.2,11.25,6332,11.1,Critical
111.8,11.33,6000,10.7,Warning
110.8,11.28,6124,11.2,Critical
112.7,11.33,6116,10.0,Warning
112.2,11.24,6183,10.6,Critical
114.1,11.17,6208,10.0,Critical
112.4,11.25,6201,8.8,Critical
113.0,11.19,6045,10.7,Critical
112.4,11.24,6012,9.7,Critical
115.2,11.23,6270,9.4,Critical
113.2,11.27,6252,10.2,Critical
111.9,11.26,6356,9.1,Critical
112.9,11.3,6355,10.2,Critical
113.1,11.18,6179,8.5,Critical
115.6,11.29,6359,10.3,Critical
113.1,11.21,6059,11.2,Critical
114.0,11.18,6266,10.9,Critical
115.4,11.25,6382,11.0,Critical
110.5,11.24,6163,8.6,Critical
111.8,11.19,6125,10.2,Critical
110.3,11.28,6222,10.3,Critical
113.8,11.25,6375,10.1,Critical
111.9,11.2,6050,10.6,Critical
113.9,11.16,6112,10.6,Critical
110.4,11.22,6407,11.2,Critical
110.7,11.29,6361,10.3,Critical
113.8,11.28,6411,10.4,Critical
111.4,11.25,6235,8.5,Critical
110.1,11.26,6094,8.9,Critical
110.4,11.21,6273,8.8,Critical
112.6,11.24,6317,10.4,Critical
115.8,11.2,6195,9.4,Critical
112.2,11.19,6100,9.3,Critical
111.3,11.22,6226,10.2,Critical
113.1,11.23,6263,10.0,Critical
112.2,11.14,6105,10.7,Critical
113.5,11.24,6440,9.6,Critical
114.0,11.27,6447,9.2,Critical
111.2,11.15,6234,10.7,Critical
110.5,11.26,6285,9.7,Critical
111.0,11.25,6120,10.5,Critical
111.9,11.2,6134,8.5,Critical
112.9,11.25,6269,8.6,Critical
111.5,11.13,6494,11.0,Critical
112.3,11.17,6174,9.3,Critical
113.8,11.14,6500,9.7,Critical
112.5,11.14,6373,10.1,Critical
112.6,11.23,6364,8.7,Critical
114.5,11.2,6352,9.3,Critical
116.2,11.14,6392,10.8,Critical
111.8,11.17,6317,8.4,Critical
114.2,11.13,6443,10.1,Critical
111.1,11.13,6192,8.1,Critical
112.4,11.2,6489,9.4,Critical
115.4,11.13,6174,9.5,Critical
112.0,11.25,6520,10.7,Critical
111.5,11.16,6391,8.7,Critical
110.9,11.17,6395,10.5,Critical
113.9,11.21,6167,10.3,Critical
116.0,11.13,6280,8.7,Critical
111.1,11.19,6464,10.3,Critical
111.7,11.14,6160,8.0,Critical
114.8,11.16,6413,8.9,Critical
112.4,11.21,6186,10.3,Critical
111.4,11.11,6296,9.9,Critical
112.2,11.21,6290,8.9,Critical
116.4,11.22,6502,9.2,Critical
116.3,11.17,6435,8.2,Critical
112.9,11.22,6243,8.7,Critical
114.3,11.21,6503,10.4,Critical
115.6,11.19,6579,8.1,Critical
111.8,11.12,6440,9.9,Critical
116.3,11.09,6466,10.2,Critical
113.1,11.1,6556,8.7,Critical
112.6,11.08,6565,7.9,Critical
116.2,11.11,6372,9.3,Critical
114.1,11.13,6552,8.7,Critical
114.6,11.2,6223,10.6,Critical
116.4,11.17,6522,9.8,Critical
114.9,11.1,6421,9.8,Critical
117.2,11.16,6234,8.6,Critical
114.4,11.2,6580,8.9,Critical
116.3,11.13,6331,9.7,Critical
113.1,11.09,6361,9.4,Critical
113.3,11.2,6461,7.8,Critical
115.3,11.16,6523,9.6,Critical
112.8,11.08,6267,8.5,Critical
112.6,11.12,6373,9.0,Critical
112.6,11.06,6507,9.4,Critical
114.8,11.2,6295,9.8,Critical
112.9,11.04,6347,8.8,Critical
113.3,11.08,6388,10.5,Critical
114.0,11.1,6449,10.3,Critical
116.5,11.13,6476,9.7,Critical
114.9,11.13,6637,7.7,Critical
114.4,11.16,6543,8.7,Critical
113.9,11.06,6500,9.7,Critical
112.0,11.06,6522,7.9,Critical
114.1,11.12,6362,10.2,Critical
116.1,11.1,6575,10.2,Critical
112.4,11.04,6677,9.4,Critical
112.2,11.11,6618,8.4,Critical
117.2,11.15,6526,9.8,Critical
116.3,11.18,6610,8.0,Critical
112.3,11.07,6482,9.7,Critical
116.4,11.14,6603,9.3,Critical
117.4,11.15,6532,8.1,Critical
114.8,11.11,6332,10.0,Critical
115.2,11.02,6490,9.9,Critical
112.8,11.13,6572,7.6,Critical
115.9,11.04,6543,9.8,Critical
115.7,11.11,6533,8.1,Critical
113.2,11.03,6634,8.5,Critical
112.8,11.08,6584,7.7,Critical
117.6,11.13,6390,8.6,Critical
115.9,11.11,6660,9.5,Critical
117.9,11.06,6655,9.6,Critical
117.5,11.13,6479,8.7,Critical
112.6,11.09,6707,8.2,Critical
114.8,11.12,6454,9.5,Critical
112.9,11.1,6501,8.4,Critical
113.9,11.14,6428,9.3,Critical
117.6,11.05,6564,8.0,Critical
117.8,11.08,6476,10.3,Critical
117.9,11.06,6693,8.6,Critical
116.5,11.05,6566,7.4,Critical
116.3,11.1,6490,9.5,Critical
115.5,11.13,6699,9.1,Critical
118.5,11.05,6625,9.0,Critical
113.9,11.14,6606,7.5,Critical
116.5,10.98,6553,8.1,Critical
116.7,11.12,6523,9.2,Critical
118.0,11.07,6467,9.4,Critical
114.2,11.02,6480,8.1,Critical
113.1,11.01,6691,8.0,Critical
116.7,11.07,6599,8.6,Critical
116.6,11.1,6737,7.8,Critical
113.0,11.13,6645,8.1,Critical
118.6,11.02,6651,8.0,Critical
116.6,11.12,6589,7.5,Critical
115.2,11.02,6752,10.1,Critical
117.4,11.06,6429,9.9,Critical
114.8,11.02,6701,8.0,Critical
116.5,10.99,6593,9.2,Critical
113.2,10.96,6495,9.4,Critical
114.8,11.07,6634,9.3,Critical
115.4,10.97,6578,10.0,Critical
118.6,11.07,6658,7.5,Critical
116.0,11.03,6663,7.2,Critical
114.2,10.96,6726,7.3,Critical
114.3,11.03,6486,8.5,Critical
115.4,11.01,6562,7.5,Critical
116.0,10.99,6648,8.4,Critical
114.9,11.05,6644,9.3,Critical
116.7,11.05,6702,9.9,Critical
118.9,11.03,6682,8.6,Critical
116.4,11.07,6704,7.2,Critical
118.7,10.96,6480,9.5,Critical
117.8,11.06,6685,8.2,Critical
115.9,10.98,6711,9.3,Critical
113.9,11.07,6665,9.4,Critical
114.0,11.07,6525,7.6,Critical
117.5,11.08,6666,8.2,Critical
117.1,10.97,6681,8.2,Critical
115.8,10.94,6754,7.9,Critical
119.5,11.06,6754,7.9,Critical
116.6,11.05,6743,9.1,Critical
114.2,11.04,6549,6.9,Critical
116.2,11.02,6639,9.5,Critical
117.9,11.03,6557,7.2,Critical
116.4,11.02,6872,8.1,Critical
118.0,11.08,6875,8.9,Critical
118.6,11.02,6870,7.4,Critical
118.6,11.02,6606,8.5,Critical
114.7,11.04,6592,9.7,Critical
118.2,11.0,6794,9.1,Critical
116.6,11.02,6781,9.4,Critical
116.2,11.01,6862,9.6,Critical
114.4,10.97,6918,6.8,Critical
119.4,11.07,6751,7.0,Critical
116.8,10.94,6787,9.4,Critical
118.2,11.0,6598,8.9,Critical
119.2,11.01,6771,8.1,Critical
118.8,10.91,6819,7.7,Critical
119.2,11.04,6717,6.8,Critical
118.2,10.9,6929,8.3,Critical
115.9,11.04,6672,9.6,Critical
117.1,11.0,6720,7.1,Critical
116.9,10.97,6918,9.4,Critical
117.9,11.01,6617,8.1,Critical
115.8,10.91,6837,7.8,Critical
118.6,11.01,6975,9.0,Critical
119.0,10.99,6766,8.0,Critical
116.9,10.9,6970,9.2,Critical
115.1,11.0,6803,9.5,Critical
119.3,11.03,6947,8.6,Critical
119.6,10.9,6613,9.1,Critical
119.4,10.92,6879,7.9,Critical
116.1,10.98,6747,8.4,Critical
115.1,11.0,6989,6.8,Critical
118.2,10.93,6627,8.8,Critical
120.2,10.95,6826,6.5,Critical
116.9,10.95,6906,8.7,Critical
119.2,10.89,6634,8.1,Critical
114.8,10.92,6972,7.2,Critical
117.7,10.95,6764,9.1,Critical
117.7,10.99,6678,8.7,Critical
119.2,10.95,6696,9.2,Critical
120.1,10.96,6996,8.1,Critical
119.8,10.88,6783,6.5,Critical
117.0,10.92,6899,6.7,Critical
116.9,10.96,6712,8.0,Critical
116.5,10.87,6841,7.5,Critical
117.6,10.99,6919,7.3,Critical
116.9,10.94,7044,6.8,Critical
118.6,10.96,6818,7.4,Critical
115.5,10.92,6942,6.6,Critical
119.7,10.96,6688,8.0,Critical
115.7,10.87,6804,8.1,Critical
117.9,10.9,6775,7.0,Critical
119.9,10.9,6761,6.6,Critical
116.2,10.93,6796,7.7,Critical
115.3,10.9,6721,7.0,Critical
116.8,10.97,6727,7.0,Critical
119.9,10.9,6755,8.1,Critical
115.3,10.86,7082,7.9,Critical
119.8,10.98,6772,7.4,Critical
119.1,10.96,6719,8.1,Critical
119.4,10.92,6859,6.3,Critical
115.9,10.97,6953,7.0,Critical
116.1,10.94,6926,8.2,Critical
118.5,10.98,7094,8.6,Critical
117.7,10.92,6816,9.2,Critical
115.3,10.98,6905,6.3,Critical
115.6,10.85,7066,7.9,Critical
117.0,10.91,6836,6.7,Critical
116.3,10.84,6740,7.6,Critical
116.9,10.97,6877,6.7,Critical
116.0,10.82,6810,8.6,Critical
120.1,10.92,6742,7.0,Critical
120.2,10.95,6865,9.0,Critical
120.7,10.88,6993,7.2,Critical
116.8,10.96,7041,9.1,Critical
116.8,10.96,6770,7.3,Critical
120.8,10.95,6920,8.5,Critical
119.0,10.83,7077,6.2,Critical
121.0,10.91,6992,6.4,Critical
121.1,10.96,6796,6.3,Critical
119.9,10.84,7051,8.6,Critical
119.9,10.94,6773,8.3,Critical
119.2,10.9,7113,7.7,Critical
118.7,10.84,6932,6.1,Critical
119.0,10.81,7120,8.4,Critical
118.4,10.93,6801,7.1,Critical
121.6,10.95,6806,8.2,Critical
117.5,10.88,7120,8.8,Critical
117.0,10.86,6913,8.9,Critical
121.4,10.95,6916,6.2,Critical
119.6,10.83,7073,7.4,Critical
120.6,10.95,7203,8.3,Critical
117.0,10.84,6958,6.1,Critical
116.2,10.89,6821,6.5,Critical
117.4,10.87,7085,7.5,Critical
119.7,10.91,7186,6.9,Critical
116.4,10.85,7015,6.6,Critical
118.0,10.85,6980,8.8,Critical
120.6,10.89,7164,7.0,Critical
119.6,10.78,6880,8.5,Critical
116.8,10.8,7232,7.9,Critical
120.0,10.85,7224,8.0,Critical
118.6,10.87,7135,7.6,Critical
119.8,10.79,6908,7.0,Critical
120.2,10.9,6973,6.8,Critical
122.0,10.81,6993,7.9,Critical
119.5,10.9,7110,8.7,Critical
119.2,10.83,7195,6.3,Critical
120.4,10.86,7009,8.7,Critical
116.9,10.87,6997,7.8,Critical
118.5,10.88,7237,8.3,Critical
118.1,10.92,7099,7.4,Critical
118.1,10.76,6877,7.7,Critical
118.4,10.89,7211,7.8,Critical
118.7,10.83,6980,7.9,Critical
120.5,10.85,6900,8.1,Critical
120.6,10.89,7086,7.1,Critical
122.4,10.88,7068,7.2,Critical
121.5,10.8,6907,7.9,Critical
119.6,10.8,6912,8.6,Critical
122.2,10.86,7084,6.3,Critical
120.0,10.78,7061,7.0,Critical
121.4,10.83,7288,6.2,Critical
119.5,10.8,7126,7.2,Critical
116.9,10.85,6984,5.9,Critical
122.3,10.81,7238,8.4,Critical
119.8,10.77,7055,6.0,Critical
118.5,10.75,7140,7.2,Critical
122.6,10.86,6972,7.8,Critical
120.4,10.86,7028,8.0,Critical
118.3,10.84,7082,7.4,Critical
120.6,10.76,7157,8.4,Critical
118.4,10.86,7256,8.1,Critical
119.9,10.81,7127,8.2,Critical
120.7,10.84,7022,7.1,Critical
119.0,10.75,6966,6.9,Critical
119.4,10.84,6977,5.8,Critical
119.8,10.75,6970,8.3,Critical
121.2,10.72,7108,8.4,Critical
122.0,10.73,6960,7.3,Critical
117.1,10.72,7124,5.7,Critical
117.8,10.74,7093,6.9,Critical
119.2,10.78,7197,8.4,Critical
117.4,10.77,7257,7.2,Critical
123.0,10.72,7156,7.9,Critical
120.1,10.75,7041,7.2,Critical
122.8,10.81,7055,6.9,Critical
122.6,10.78,7293,8.0,Critical
121.1,10.79,7001,6.0,Critical
117.6,10.8,7224,5.4,Critical
121.1,10.75,7259,8.3,Critical
122.9,10.78,7337,7.6,Critical
123.3,10.7,7215,8.3,Critical
122.8,10.7,7111,7.5,Critical
123.3,10.8,7157,8.2,Critical
122.1,10.71,7042,7.0,Critical
121.1,10.79,7153,5.8,Critical
117.8,10.72,7129,6.4,Critical
119.6,10.78,7063,6.1,Critical
118.0,10.76,7235,6.1,Critical
122.6,10.82,7133,7.9,Critical
123.1,10.74,7127,6.6,Critical
123.3,10.7,7184,6.5,Critical
122.4,10.79,7336,6.9,Critical
121.2,10.75,7092,6.7,Critical
121.0,10.73,7217,6.4,Critical
117.9,10.68,7315,6.2,Critical
118.6,10.69,7375,7.3,Critical
119.8,10.81,7258,6.0,Critical
121.3,10.78,7366,8.1,Critical
122.2,10.68,7138,8.2,Critical
122.9,10.76,7420,6.1,Critical
118.7,10.72,7267,7.2,Critical
119.8,10.77,7206,7.0,Critical
121.5,10.71,7416,6.6,Critical
118.8,10.81,7439,7.9,Critical
119.9,10.74,7112,8.0,Critical
118.3,10.73,7132,5.9,Critical
118.4,10.77,7442,7.6,Critical
118.9,10.81,7386,6.5,Critical
118.2,10.81,7140,7.3,Critical
120.7,10.7,7247,5.5,Critical
121.6,10.77,7220,7.2,Critical
123.1,10.75,7472,6.5,Critical
123.5,10.75,7312,5.2,Critical
124.1,10.75,7326,7.5,Critical
118.5,10.77,7190,5.2,Critical
124.0,10.68,7240,6.6,Critical
119.7,10.74,7328,5.7,Critical
119.7,10.76,7318,7.7,Critical
119.8,10.65,7311,5.2,Critical
119.6,10.65,7214,6.4,Critical
124.2,10.74,7285,7.4,Critical
121.6,10.75,7514,7.9,Critical
119.5,10.68,7466,6.2,Critical
119.1,10.76,7383,6.7,Critical
119.6,10.67,7468,5.4,Critical
118.8,10.77,7524,5.2,Critical
121.9,10.69,7539,7.5,Critical
120.2,10.73,7453,6.6,Critical
121.4,10.65,7338,7.7,Critical
124.1,10.74,7183,6.6,Critical
123.0,10.76,7331,6.6,Critical
122.5,10.7,7520,7.4,Critical
118.7,10.77,7456,6.5,Critical
119.5,10.67,7203,7.3,Critical
124.3,10.74,7549,5.1,Critical
120.3,10.68,7496,7.3,Critical
120.3,10.63,7463,5.8,Critical
123.2,10.71,7366,4.9,Critical
122.6,10.74,7229,6.9,Critical
123.4,10.66,7208,7.6,Critical
122.4,10.65,7231,5.4,Critical
124.8,10.72,7543,7.0,Critical
123.0,10.62,7514,6.8,Critical
121.5,10.66,7521,5.4,Critical
119.8,10.69,7357,4.7,Critical
119.9,10.63,7571,7.3,Critical
121.7,10.6,7436,5.8,Critical
119.8,10.65,7515,6.5,Critical
120.0,10.75,7550,5.5,Critical
123.3,10.62,7424,5.4,Critical
122.6,10.72,7367,6.9,Critical
119.7,10.66,7267,5.5,Critical
122.1,10.62,7412,6.4,Critical
121.9,10.61,7434,5.2,Critical
122.1,10.63,7352,6.6,Critical
122.9,10.72,7468,6.1,Critical
120.7,10.64,7618,5.6,Critical
121.9,10.61,7344,4.6,Critical
124.1,10.58,7402,5.8,Critical
120.0,10.63,7433,6.7,Critical
122.2,10.71,7418,7.4,Critical
125.2,10.61,7344,7.1,Critical
125.2,10.67,7286,5.9,Critical
120.1,10.57,7316,4.5,Critical
121.8,10.58,7651,6.3,Critical
125.1,10.58,7521,5.2,Critical
122.3,10.66,7629,4.8,Critical
124.0,10.68,7389,7.4,Critical
119.9,10.72,7591,5.7,Critical
123.8,10.61,7562,4.7,Critical
119.9,10.67,7499,4.7,Critical
125.3,10.59,7545,7.2,Critical
120.5,10.71,7330,4.7,Critical
123.1,10.64,7419,5.9,Critical
122.8,10.56,7493,5.3,Critical
123.6,10.65,7320,7.0,Critical
122.1,10.58,7414,6.8,Critical
124.7,10.63,7462,4.9,Critical
122.6,10.65,7523,6.6,Critical
122.8,10.62,7400,6.7,Critical
121.1,10.62,7695,4.9,Critical
125.7,10.57,7664,4.3,Critical
120.0,10.7,7347,6.4,Critical
122.8,10.59,7415,5.5,Critical
122.3,10.65,7379,5.0,Critical
122.4,10.61,7540,7.0,Critical
121.2,10.63,7548,5.4,Critical
120.8,10.67,7386,7.2,Critical
124.5,10.59,7730,7.0,Critical
125.7,10.54,7563,6.0,Critical
125.9,10.66,7413,4.3,Critical
122.9,10.59,7610,6.2,Critical
124.5,10.58,7562,5.6,Critical
122.5,10.68,7427,6.3,Critical
124.6,10.59,7620,6.9,Critical
124.9,10.66,7543,6.2,Critical
125.2,10.61,7595,5.8,Critical
125.9,10.58,7646,5.6,Critical
122.7,10.63,7569,6.4,Critical
123.7,10.67,7500,4.6,Critical
122.1,10.58,7555,4.8,Critical
120.9,10.66,7670,6.0,Critical
121.9,10.66,7792,6.6,Critical
126.4,10.67,7624,5.8,Critical
124.5,10.56,7711,5.7,Critical
123.0,10.57,7595,6.7,Critical
121.5,10.51,7463,5.8,Critical
124.1,10.57,7581,6.3,Critical
120.8,10.51,7782,4.9,Critical
122.8,10.55,7521,6.7,Critical
125.4,10.65,7779,6.8,Critical
122.7,10.64,7504,7.0,Critical
124.7,10.61,7677,5.8,Critical
124.7,10.65,7785,4.1,Critical
124.3,10.64,7791,6.0,Critical
122.7,10.61,7745,6.4,Critical
126.3,10.64,7815,4.2,Critical
125.7,10.64,7798,4.4,Critical
124.8,10.52,7690,4.6,Critical
122.3,10.64,7760,5.3,Critical
124.3,10.54,7845,5.1,Critical
126.7,10.55,7521,5.7,Critical
124.2,10.61,7856,5.0,Critical
125.3,10.49,7857,4.1,Critical
122.5,10.52,7586,6.5,Critical
123.7,10.58,7481,5.4,Critical
124.8,10.53,7480,4.3,Critical
125.4,10.53,7824,6.7,Critical
122.9,10.63,7734,5.8,Critical
122.8,10.49,7822,5.5,Critical
121.7,10.59,7568,4.0,Critical
123.0,10.63,7521,4.4,Critical
126.9,10.58,7814,6.7,Critical
121.3,10.55,7623,6.6,Critical
124.6,10.52,7814,4.9,Critical
125.7,10.59,7563,5.7,Critical
127.1,10.53,7662,5.5,Critical
126.1,10.48,7558,3.9,Critical
126.2,10.49,7853,5.2,Critical
126.6,10.58,7772,4.9,Critical
126.6,10.47,7896,6.6,Critical
127.2,10.51,7659,5.8,Critical
124.0,10.49,7884,6.1,Critical
121.5,10.57,7597,6.4,Critical
125.7,10.57,7904,6.5,Critical
126.8,10.53,7757,6.2,Critical
125.8,10.5,7766,5.3,Critical
123.7,10.57,7544,4.1,Critical
121.9,10.57,7551,5.2,Critical
123.4,10.58,7872,4.0,Critical
124.9,10.59,7823,6.2,Critical
125.2,10.53,7752,3.7,Critical
123.4,10.54,7936,3.7,Critical
123.2,10.58,7592,6.2,Critical
126.2,10.53,7702,4.3,Critical
126.1,10.56,7760,6.3,Critical
125.4,10.58,7933,6.3,Critical
126.7,10.51,7593,4.9,Critical
125.8,10.52,7934,5.1,Critical
122.9,10.52,7677,5.0,Critical
124.4,10.44,7835,4.5,Critical
126.1,10.55,7928,4.1,Critical
123.3,10.58,7876,4.9,Critical
125.1,10.5,7904,4.6,Critical
123.8,10.58,7739,3.7,Critical
